	test	p_values	under_0.05_thresholded_bonferroni	displacement_avg_difference
0	max(PC)	0.3187681231876812	False	0.0015427871054152246
1	median(PC)	0.0021997800219978004	True	0.013002098560639004
2	max(z)	0.46555344465553444	False	0.00444845059246293
3	median(z)	0.7327267273272673	False	-0.014253431216054886
